BlockSize,k,Alpha,ClusteringTime,MiningTime,EncodingTime,CompressionTime,DecompressionTime,ClusterTableSize,CodeTableSize,EncodedImageSize,CompressedSize,ActualSize,JPEG Size,GIF Size,JPEG Cr,GIF Cr,Our Cr,CRP Actual,CRP JPEG,CRP GIF
32,8,10,0.006154,26.635052,5.792923,32.588062,264.636001,9.216,35.2391666667,254.346,298.801166667,786.6,404,226,1.94702970297,3.48053097345,2.63251984179,62.0135816595,26.0393151815,-32.2129056047
32,8,22,0.004052,11.342281,3.327755,14.723704,98.927627,9.216,12.8056666667,259.305,281.326666667,786.6,404,226,1.94702970297,3.48053097345,2.7960378208,64.2351046699,30.3646864686,-24.4808259587
32,8,34,0.00430399999999,5.526571,2.274272,7.831756,51.97053,9.216,6.15683333333,260.536,275.908833333,786.6,404,226,1.94702970297,3.48053097345,2.85094170599,64.923870667,31.7057343234,-22.0835545723
32,8,46,0.004052,3.77357,1.785348,5.588656,33.662456,9.216,3.55366666667,261.753,274.522666667,786.6,404,226,1.94702970297,3.48053097345,2.86533716706,65.1000932282,32.0488448845,-21.4702064897
32,8,58,0.00406500000008,2.764848,1.520675,4.304136,20.890198,9.216,2.16333333333,267.89,279.269333333,786.6,404,226,1.94702970297,3.48053097345,2.81663579245,64.4966522587,30.8739273927,-23.5705014749
32,8,70,0.00399500000003,2.245565,1.353766,3.61422,15.64855,9.216,1.47266666667,271.277,281.965666667,786.6,404,226,1.94702970297,3.48053097345,2.78970134662,64.1538689719,30.2065181518,-24.7635693215
32,8,82,0.00406099999998,1.497398,1.074498,2.58772,9.852938,9.216,0.794833333333,273.753,283.763833333,786.6,404,226,1.94702970297,3.48053097345,2.77202344908,63.9252690906,29.7614273927,-25.5592182891
32,8,94,0.00411400000007,0.624956,0.649449,1.285557,3.932274,9.216,0.2715,241.672,251.1595,786.6,404,226,1.94702970297,3.48053097345,3.13187436669,68.0702390033,37.8318069307,-11.1325221239
32,12,10,0.00411200000008,48.476858,6.501793,55.08403,289.964888,13.824,25.4866666667,330.219,369.529666667,786.6,404,226,1.94702970297,3.48053097345,2.12865182678,53.0219086363,8.53226072607,-63.5087020649
32,12,22,0.00478299999997,13.583712,3.305081,16.927695,77.649038,13.824,7.3625,325.13,346.3165,786.6,404,226,1.94702970297,3.48053097345,2.27133272599,55.9729849987,14.2780940594,-53.2373893805
32,12,34,0.0040939999999,10.027445,2.599077,12.652938,49.0221,13.824,4.13666666667,330.446,348.406666667,786.6,404,226,1.94702970297,3.48053097345,2.25770651155,55.7072633274,13.7607260726,-54.1622418879
32,12,46,0.00410000000011,7.246179,2.16984,9.435024,31.328733,13.824,2.50616666667,333.909,350.239166667,786.6,404,226,1.94702970297,3.48053097345,2.24589387728,55.4742986694,13.3071369637,-54.9730825959
32,12,58,0.00397300000009,5.003309,1.722399,6.742431,18.663798,13.824,1.39983333333,331.816,347.039833333,786.6,404,226,1.94702970297,3.48053097345,2.26659859891,55.8810280532,14.0990511551,-53.5574483776
32,12,70,0.00475899999992,3.708547,1.444586,5.167459,13.229866,13.824,0.919666666667,326.675,341.418666667,786.6,404,226,1.94702970297,3.48053097345,2.30391620845,56.5956436986,15.4904290429,-51.0702064897
32,12,82,0.00397500000008,1.854317,1.145769,3.012213,8.54441,13.824,0.555833333333,310.54,324.919833333,786.6,404,226,1.94702970297,3.48053097345,2.42090484884,58.6931307738,19.5742986799,-43.7698377581
32,12,94,0.00483000000008,0.678493,0.580981,1.271134,3.138204,13.824,0.1445,291.811,305.7795,786.6,404,226,1.94702970297,3.48053097345,2.57244190667,61.1264302059,24.3120049505,-35.3006637168
32,16,10,0.00408100000004,56.688089,6.728079,63.508329,226.797773,19.968,18.8523333333,367.918,406.738333333,786.6,404,226,1.94702970297,3.48053097345,1.93392148105,48.2915925078,-0.677805280528,-79.9727138643
32,16,22,0.00413200000003,25.303612,3.872899,29.210872,83.670593,19.968,6.50933333333,370.737,397.214333333,786.6,404,226,1.94702970297,3.48053097345,1.98029107711,49.5023730825,1.67962046205,-75.7585545723
32,16,34,0.00412600000004,15.912189,2.908189,18.844575,44.629032,19.968,3.23933333333,368.185,391.392333333,786.6,404,226,1.94702970297,3.48053097345,2.00974810442,50.2425205526,3.12070957096,-73.1824483776
32,16,46,0.0041490000001,11.419236,2.373068,13.810014,26.664277,19.968,1.89183333333,371.628,393.487833333,786.6,404,226,1.94702970297,3.48053097345,1.99904529026,49.9761208577,2.60202145215,-74.109660767
32,16,58,0.00397199999998,8.900224,2.114143,11.028775,21.059709,19.968,1.43616666667,366.106,387.510166667,786.6,404,226,1.94702970297,3.48053097345,2.02988222675,50.7360581405,4.08164191419,-71.4646755162
32,16,70,0.00417900000002,4.581588,1.641912,6.239544,13.690937,19.968,0.874166666667,353.252,374.094166667,786.6,404,226,1.94702970297,3.48053097345,2.10267913827,52.441626409,7.4024339934,-65.5283923304
32,16,82,0.00400299999978,1.784431,1.051747,2.848257,6.318766,19.968,0.3515,338.683,359.0025,786.6,404,226,1.94702970297,3.48053097345,2.19107109282,54.3602212052,11.1379950495,-58.8506637168
32,16,94,0.00399199999993,1.17818,0.720613,1.90866,3.660576,19.968,0.147333333333,335.644,355.759333333,786.6,404,226,1.94702970297,3.48053097345,2.21104529467,54.7725230952,11.9407590759,-57.4156342183
32,20,10,0.00514999999996,61.652994,6.397517,68.11511,191.343954,24.96,14.5013333333,395.683,435.144333333,786.6,404,226,1.94702970297,3.48053097345,1.80767607376,44.6803542673,-7.70899339934,-92.541740413
32,20,22,0.00401699999975,33.010215,4.083829,37.124955,77.408007,24.96,5.63833333333,401.128,431.726333333,786.6,404,226,1.94702970297,3.48053097345,1.82198753995,45.1148826172,-6.86295379538,-91.0293510324
32,20,34,0.00417599999992,22.02745,3.076548,25.12628,42.988116,24.96,2.885,402.92,430.765,786.6,404,226,1.94702970297,3.48053097345,1.82605364874,45.2370963641,-6.625,-90.6039823009
32,20,46,0.00399000000016,15.488215,2.68007,18.1845,31.776386,24.96,2.0035,395.097,422.0605,786.6,404,226,1.94702970297,3.48053097345,1.86371385145,46.3436943809,-4.47042079208,-86.7524336283
32,20,58,0.00421300000016,8.539102,2.1437,10.698739,19.922721,24.96,1.27833333333,382.715,408.953333333,786.6,404,226,1.94702970297,3.48053097345,1.92344684805,48.0100008475,-1.22607260726,-80.9528023599
32,20,70,0.00402699999995,4.457707,1.609544,6.081112,12.28779,24.96,0.726166666667,373.706,399.392166667,786.6,404,226,1.94702970297,3.48053097345,1.96949280845,49.2255063988,1.14055280528,-76.7221976401
32,20,82,0.00396000000001,1.989497,0.945177,2.943309,5.348459,24.96,0.242666666667,363.694,388.896666667,786.6,404,226,1.94702970297,3.48053097345,2.02264526138,50.5597932028,3.73844884488,-72.0781710914
32,20,94,0.00408999999991,1.826891,0.844138,2.679898,4.221765,24.96,0.157833333333,367.808,392.925833333,786.6,404,226,1.94702970297,3.48053097345,2.00190451548,50.0475675905,2.74113036304,-73.8609882006
32,24,10,0.00414300000011,77.845981,6.893355,84.801204,193.755956,29.952,13.7118333333,422.962,466.625833333,786.6,404,226,1.94702970297,3.48053097345,1.68571892898,40.6781295025,-15.5014438944,-106.47160767
32,24,22,0.00484899999992,40.195631,4.19414,44.42107,74.401444,29.952,4.91383333333,426.286,461.151833333,786.6,404,226,1.94702970297,3.48053097345,1.70572887961,41.3740359352,-14.1464933993,-104.049483776
32,24,34,0.0041839999999,25.435285,3.275099,28.73066,46.156848,29.952,2.8685,420.914,453.7345,786.6,404,226,1.94702970297,3.48053097345,1.73361293884,42.3169972032,-12.310519802,-100.767477876
32,24,46,0.00408400000015,16.630817,2.867221,19.515885,30.891874,29.952,2.03016666667,413.547,445.529166667,786.6,404,226,1.94702970297,3.48053097345,1.76554097655,43.3601364522,-10.2794966997,-97.13679941
32,24,58,0.00411299999996,8.488778,2.18164,10.684538,19.370191,29.952,1.1925,401.891,433.0355,786.6,404,226,1.94702970297,3.48053097345,1.81647924939,44.9484490211,-7.1870049505,-91.6086283186
32,24,70,0.00413899999967,3.993926,1.476554,5.483222,10.409694,29.952,0.535333333333,390.993,421.480333333,786.6,404,226,1.94702970297,3.48053097345,1.86627924909,46.4174506314,-4.32681518152,-86.4957227139
32,24,82,0.00390900000002,2.71086,1.029019,3.752143,5.65124,29.952,0.246166666667,386.221,416.419166667,786.6,404,226,1.94702970297,3.48053097345,1.88896204345,47.0608738029,-3.07405115512,-84.2562684366
32,24,94,0.00406999999996,2.588047,0.97575,3.576236,4.813123,29.952,0.173166666667,391.595,421.720166667,786.6,404,226,1.94702970297,3.48053097345,1.86521789133,46.3869607594,-4.38617986799,-86.6018436578
32,28,10,0.00685300000032,95.368783,7.202849,102.652377,210.93114,34.944,13.26,443.37,491.574,786.6,404,226,1.94702970297,3.48053097345,1.60016599739,37.5064836003,-21.6767326733,-117.510619469
32,28,22,0.00404100000014,47.123291,4.396889,51.54909,75.597111,34.944,4.73566666667,446.186,485.865666667,786.6,404,226,1.94702970297,3.48053097345,1.6189660105,38.2321806933,-20.2637788779,-114.98480826
32,28,34,0.00842000000011,28.325425,3.474453,31.831483,48.76679,34.944,2.96483333333,435.767,473.675833333,786.6,404,226,1.94702970297,3.48053097345,1.66062936854,39.7818671074,-17.2464933993,-109.591076696
32,28,46,0.00874599999997,15.082318,2.791943,17.903585,28.717073,34.944,1.81183333333,423.567,460.322833333,786.6,404,226,1.94702970297,3.48053097345,1.70880074383,41.4794262226,-13.9412953795,-103.682669617
32,28,58,0.00928199999998,7.853759,2.053261,9.930945,17.626248,34.944,1.0225,415.244,451.2105,786.6,404,226,1.94702970297,3.48053097345,1.74331049477,42.6378718535,-11.6857673267,-99.6506637168
32,28,70,0.00853899999993,4.228359,1.337416,5.590597,8.54793,34.944,0.412,404.669,440.025,786.6,404,226,1.94702970297,3.48053097345,1.78762570309,44.0598779558,-8.91707920792,-94.7013274336
32,28,82,0.00838900000008,3.755436,1.08644,4.86055,5.992713,34.944,0.246,404.228,439.418,786.6,404,226,1.94702970297,3.48053097345,1.79009508031,44.1370455123,-8.76683168317,-94.4327433628
32,28,94,0.00853499999994,3.698704,1.076886,4.794692,5.330713,34.944,0.196166666667,409.521,444.661166667,786.6,404,226,1.94702970297,3.48053097345,1.76898739752,43.4704847868,-10.0646452145,-96.7527286136
32,32,10,0.00406600000042,109.432262,7.315062,116.80628,192.816935,43.008,12.373,462.259,517.64,786.6,404,226,1.94702970297,3.48053097345,1.51958890349,34.1927281973,-28.1287128713,-129.044247788
32,32,22,0.00407499999983,55.120165,4.72009,59.869565,79.373148,43.008,4.9295,460.169,508.1065,786.6,404,226,1.94702970297,3.48053097345,1.54810064425,35.4047165014,-25.7689356436,-124.825884956
32,32,34,0.00427099999979,31.745705,3.70526,35.473781,53.593508,43.008,3.165,447.621,493.794,786.6,404,226,1.94702970297,3.48053097345,1.59297196807,37.2242562929,-22.2262376238,-118.492920354
32,32,46,0.00378300000011,14.228287,2.708164,16.952315,27.382123,43.008,1.64416666667,434.873,479.525166667,786.6,404,226,1.94702970297,3.48053097345,1.64037271593,39.0382447665,-18.6943481848,-112.179277286
32,32,58,0.0041570000003,7.315759,1.9001,9.228362,15.060068,43.008,0.815333333333,426.166,469.989333333,786.6,404,226,1.94702970297,3.48053097345,1.67365500494,40.2505297059,-16.3339933993,-107.959882006
32,32,70,0.00390699999934,5.005891,1.241828,6.258531,7.275285,43.008,0.318666666667,419.881,463.207666667,786.6,404,226,1.94702970297,3.48053097345,1.69815842138,41.1126790406,-14.6553630363,-104.959144543
32,32,82,0.00398700000005,4.872859,1.188204,6.074188,6.789521,43.008,0.2775,420.449,463.7345,786.6,404,226,1.94702970297,3.48053097345,1.69622920011,41.0457030257,-14.7857673267,-105.192256637
32,32,94,0.00394099999994,4.874804,1.17771,6.061442,6.104131,43.008,0.220166666667,424.852,468.080166667,786.6,404,226,1.94702970297,3.48053097345,1.68048137053,40.4932409526,-15.8614273927,-107.115117994
64,8,10,0.00408200000038,24.445355,5.517284,30.144409,260.219587,2.304,45.8875,205.092,253.2835,786.6,404,226,1.94702970297,3.48053097345,3.10561090636,67.80021612,37.3060643564,-12.0723451327
64,8,22,0.00412200000028,8.56543,2.726826,11.348998,86.124406,2.304,13.978,211.631,227.913,786.6,404,226,1.94702970297,3.48053097345,3.45131694989,71.025553013,43.5858910891,-0.846460176991
64,8,34,0.00485900000058,4.737885,1.875524,6.64402,42.637399,2.304,6.2925,216.634,225.2305,786.6,404,226,1.94702970297,3.48053097345,3.49242220747,71.3665776761,44.2498762376,0.340486725664
64,8,46,0.00394599999981,3.222754,1.457935,4.702825,28.197372,2.304,3.39233333333,222.611,228.307333333,786.6,404,226,1.94702970297,3.48053097345,3.44535582154,70.9754216459,43.4882838284,-1.0209439528
64,8,58,0.00410599999941,2.220821,1.168521,3.407,15.872093,2.304,1.86433333333,227.953,232.121333333,786.6,404,226,1.94702970297,3.48053097345,3.38874496671,70.4905500466,42.5442244224,-2.70855457227
64,8,70,0.0041570000003,1.28892,0.884689,2.186244,8.714366,2.304,0.914333333333,225.656,228.874333333,786.6,404,226,1.94702970297,3.48053097345,3.43682049684,70.903339266,43.3479372937,-1.27182890855
64,8,82,0.00402399999984,0.645294999999,0.609208,1.265376,4.273718,2.304,0.418,207.601,210.323,786.6,404,226,1.94702970297,3.48053097345,3.73996186817,73.2617594711,47.9398514851,6.93672566372
64,8,94,0.00406800000019,0.404089000001,0.395988,0.80973,2.372325,2.304,0.167,206.306,208.777,786.6,404,226,1.94702970297,3.48053097345,3.76765639893,73.458301551,48.3225247525,7.62079646018
64,12,10,0.00409499999932,35.860356,5.995326,41.962167,256.502259,3.456,28.42,282.812,314.688,786.6,404,226,1.94702970297,3.48053097345,2.49961866992,59.9938977879,22.1069306931,-39.2424778761
64,12,22,0.00432799999999,13.731755,3.022414,16.79625,74.268569,3.456,8.32066666667,290.111,301.887666667,786.6,404,226,1.94702970297,3.48053097345,2.6056049546,61.6211967116,25.275330033,-33.5786135693
64,12,34,0.00408600000083,8.993857,2.238621,11.259061,44.553372,3.456,4.07333333333,296.74,304.269333333,786.6,404,226,1.94702970297,3.48053097345,2.58520959501,61.318416815,24.6858085809,-34.6324483776
64,12,46,0.00397799999973,5.740148,1.761223,7.519532,24.204979,3.456,2.12833333333,300.075,305.659333333,786.6,404,226,1.94702970297,3.48053097345,2.57345323443,61.1417069243,24.3417491749,-35.2474926254
64,12,58,0.00604899999962,3.309449,1.309064,4.634161,12.872554,3.456,1.07933333333,289.807,294.342333333,786.6,404,226,1.94702970297,3.48053097345,2.67239846573,62.580430545,27.1429867987,-30.2399705015
64,12,70,0.00408400000015,1.234149,0.876855,2.121175,6.242935,3.456,0.493,270.183,274.132,786.6,404,226,1.94702970297,3.48053097345,2.86942057111,65.1497584541,32.1455445545,-21.2973451327
64,12,82,0.00408499999958,0.791146,0.635996999999,1.438107,3.871981,3.456,0.256166666667,266.197,269.909166667,786.6,404,226,1.94702970297,3.48053097345,2.91431376605,65.686604797,33.19080033,-19.4288348083
64,12,94,0.00411299999996,0.7121,0.553213,1.275382,3.041517,3.456,0.149,279.159,282.764,786.6,404,226,1.94702970297,3.48053097345,2.78182512625,64.0523773201,30.0089108911,-25.1168141593
64,16,10,0.00407799999994,48.132945,6.080711,54.307716,217.718196,4.992,20.2991666667,332.611,357.902166667,786.6,404,226,1.94702970297,3.48053097345,2.19780731513,54.5001059412,11.4103547855,-58.3637905605
64,16,22,0.0041369999999,24.237218,3.49203,27.765033,76.059089,4.992,6.71566666667,342.169,353.876666667,786.6,404,226,1.94702970297,3.48053097345,2.22280832305,55.0118654123,12.4067656766,-56.5825958702
64,16,34,0.00414400000045,14.573624,2.514112,17.108822,39.500062,4.992,3.11616666667,342.66,350.768166667,786.6,404,226,1.94702970297,3.48053097345,2.24250680293,55.4070472074,13.1761963696,-55.2071533923
64,16,46,0.00413599999956,8.015152,1.881238,9.911253,20.879775,4.992,1.61033333333,334.453,341.055333333,786.6,404,226,1.94702970297,3.48053097345,2.30637061826,56.6418340537,15.5803630363,-50.909439528
64,16,58,0.00410999999986,3.733271,1.441883,5.18718,12.244282,4.992,0.9165,322.131,328.0395,786.6,404,226,1.94702970297,3.48053097345,2.39788196239,58.2965293669,18.8021039604,-45.1502212389
64,16,70,0.0041940000001,1.588203,0.937163,2.537518,6.166846,4.992,0.3945,312.255,317.6415,786.6,404,226,1.94702970297,3.48053097345,2.47637666993,59.6184210526,21.3758663366,-40.5493362832
64,16,82,0.00411100000019,1.324969,0.762092,2.100449,4.353796,4.992,0.231833333333,315.208,320.431833333,786.6,404,226,1.94702970297,3.48053097345,2.45481228197,59.2636876006,20.685189769,-41.7839970501
64,16,94,0.00397799999973,1.228386,0.682105999999,1.919777,3.556266,4.992,0.144833333333,328.101,333.237833333,786.6,404,226,1.94702970297,3.48053097345,2.36047627645,57.635668277,17.5153877888,-47.4503687316
64,20,10,0.00416499999938,63.959527,6.227578,70.257519,201.729653,6.24,16.5965,371.81,394.6465,786.6,404,226,1.94702970297,3.48053097345,1.99317617159,49.828820239,2.31522277228,-74.6223451327
64,20,22,0.00398400000086,32.424209,3.700151,36.154819,74.344128,6.24,5.64833333333,379.039,390.927333333,786.6,404,226,1.94702970297,3.48053097345,2.01213865834,50.3016357318,3.23580858086,-72.9766961652
64,20,34,0.00490600000012,18.616585,2.680288,21.317439,39.972106,6.24,2.68316666667,375.523,384.446166667,786.6,404,226,1.94702970297,3.48053097345,2.04606019829,51.1255826765,4.84005775578,-70.1089233038
64,20,46,0.00416200000018,7.997088,1.99137,10.002322,19.870152,6.24,1.44383333333,361.052,368.735833333,786.6,404,226,1.94702970297,3.48053097345,2.13323449714,53.1228282058,8.72875412541,-63.1574483776
64,20,58,0.00408400000015,3.517627,1.396419,4.928948,11.025163,6.24,0.722833333333,351.021,357.983833333,786.6,404,226,1.94702970297,3.48053097345,2.19730593048,54.4897237054,11.390140264,-58.3999262537
64,20,70,0.00434800000039,2.136833,0.973202,3.120726,6.080762,6.24,0.337,346.258,352.835,786.6,404,226,1.94702970297,3.48053097345,2.22937066901,55.1442918891,12.6646039604,-56.1216814159
64,20,82,0.00414399999954,1.980396,0.874718,2.865059,4.787431,6.24,0.221333333333,351.907,358.368333333,786.6,404,226,1.94702970297,3.48053097345,2.19494840039,54.4408424443,11.2949669967,-58.5700589971
64,20,94,0.00403300000016,1.919966,0.834627,2.763693,4.267158,6.24,0.170333333333,360.686,367.096333333,786.6,404,226,1.94702970297,3.48053097345,2.14276180004,53.3312568862,9.1345709571,-62.4320058997
64,24,10,0.00398500000028,86.509673,6.79393,93.375497,208.804072,7.488,15.5161666667,403.103,426.107166667,786.6,404,226,1.94702970297,3.48053097345,1.84601448071,45.8292440037,-5.4720709571,-88.5429941003
64,24,22,0.00413899999967,39.804973,3.831287,43.664979,67.872183,7.488,4.87466666667,406.381,418.743666667,786.6,404,226,1.94702970297,3.48053097345,1.87847617198,46.7653614713,-3.64942244224,-85.2848082596
64,24,34,0.0040170000002,21.080292,2.928815,24.028675,40.191453,7.488,2.7285,398.506,408.7225,786.6,404,226,1.94702970297,3.48053097345,1.92453314902,48.0393465548,-1.16893564356,-80.8506637168
64,24,46,0.00482900000043,6.61598,1.911063,8.541516,18.040909,7.488,1.16116666667,380.203,388.852166667,786.6,404,226,1.94702970297,3.48053097345,2.02287673165,50.5654504619,3.74946369637,-72.058480826
64,24,58,0.00406000000021,3.564352,1.341778,4.918378,9.648305,7.488,0.571166666667,372.414,380.473166667,786.6,404,226,1.94702970297,3.48053097345,2.06742569231,51.6306678532,5.82347359736,-68.3509587021
64,24,70,0.00397299999986,2.893559,1.052138,3.956973,6.25626,7.488,0.307666666667,373.177,380.972666667,786.6,404,226,1.94702970297,3.48053097345,2.06471505392,51.567166709,5.6998349835,-68.5719764012
64,24,82,0.00404099999923,2.807356,0.996999999999,3.814353,5.468455,7.488,0.238833333333,379.229,386.955833333,786.6,404,226,1.94702970297,3.48053097345,2.03279013324,50.8065302144,4.21885313531,-71.2193952802
64,24,94,0.00408799999968,2.705073,0.960971,3.675787,4.513446,7.488,0.16,393.622,401.27,786.6,404,226,1.94702970297,3.48053097345,1.96027612331,48.9867785406,0.675742574257,-77.5530973451
64,28,10,0.00411799999983,98.50587,7.06109,105.636414,206.363505,8.736,14.4106666667,427.317,450.463666667,786.6,404,226,1.94702970297,3.48053097345,1.74620076647,42.7328163404,-11.5009075908,-99.3202064897
64,28,22,0.00409800000034,48.79953,4.270594,53.113889,78.675132,8.736,5.02466666667,426.684,440.444666667,786.6,404,226,1.94702970297,3.48053097345,1.78592240872,44.0065259768,-9.02095709571,-94.887020649
64,28,34,0.0039969999998,19.701226,3.041834,22.761371,38.52154,8.736,2.541,411.366,422.643,786.6,404,226,1.94702970297,3.48053097345,1.86114522185,46.269641495,-4.6146039604,-87.0101769912
64,28,46,0.00492000000031,6.171022,1.840977,8.026628,15.937079,8.736,0.950833333333,395.769,405.455833333,786.6,404,226,1.94702970297,3.48053097345,1.94003868074,48.4546359861,-0.360354785479,-79.4052359882
64,28,58,0.004097,4.129063,1.249234,5.388831,8.094005,8.736,0.420833333333,391.189,400.345833333,786.6,404,226,1.94702970297,3.48053097345,1.96480126557,49.1042673108,0.90449669967,-77.1441740413
64,28,70,0.00454900000022,4.007063,1.14544,5.163478,6.857544,8.736,0.3215,394.687,403.7445,786.6,404,226,1.94702970297,3.48053097345,1.94826183391,48.6721967963,0.0632425742574,-78.6480088496
64,28,82,0.00399599999946,3.911433,1.097955,5.020563,6.244892,8.736,0.268,399.379,408.383,786.6,404,226,1.94702970297,3.48053097345,1.92613306626,48.0825069921,-1.0849009901,-80.7004424779
64,28,94,0.00429700000041,3.747367,1.04687,4.803042,4.89727,8.736,0.163833333333,415.147,424.046833333,786.6,404,226,1.94702970297,3.48053097345,1.8549837852,46.0911729808,-4.96208745875,-87.6313421829
64,32,10,0.00414100000035,114.235706,7.341042,121.640183,225.31071,10.752,13.4786666667,446.081,470.311666667,786.6,404,226,1.94702970297,3.48053097345,1.67250794686,40.2095516569,-16.4137788779,-108.102507375
64,32,22,0.00397599999997,50.034164,4.39455,54.457221,75.98626,10.752,4.9025,440.665,456.3195,786.6,404,226,1.94702970297,3.48053097345,1.72379221138,41.9883676583,-12.9503712871,-101.911283186
64,32,34,0.00396400000045,17.110989,2.94185,20.069391,35.173824,10.752,2.24283333333,423.199,436.193833333,786.6,404,226,1.94702970297,3.48053097345,1.80332673204,44.5469319434,-7.96877062706,-93.006120944
64,32,46,0.00433100000009,6.390441,1.764514,8.166547,14.169977,10.752,0.816833333333,412.187,423.755833333,786.6,404,226,1.94702970297,3.48053097345,1.85625763264,46.1281676413,-4.89005775578,-87.5025811209
64,32,58,0.00394400000005,5.088026,1.306993,6.404633,8.361794,10.752,0.412333333333,409.091,420.255333333,786.6,404,226,1.94702970297,3.48053097345,1.87171925639,46.5731841681,-4.02359735974,-85.9536873156
64,32,70,0.0041229999988,4.971791,1.233165,6.220337,7.62414,10.752,0.324,414.04,425.116,786.6,404,226,1.94702970297,3.48053097345,1.8503185013,45.955250445,-5.22673267327,-88.1044247788
64,32,82,0.0040910000007,4.917755,1.196848,6.12479,6.720145,10.752,0.281,417.866,428.899,786.6,404,226,1.94702970297,3.48053097345,1.83399821403,45.4743198576,-6.16311881188,-89.7783185841
64,32,94,0.00402399999984,4.783668,1.145446,5.938752,5.352146,10.752,0.177333333333,432.578,443.507333333,786.6,404,226,1.94702970297,3.48053097345,1.7735896137,43.6171709467,-9.77904290429,-96.2421828909
128,8,10,0.00406800000019,23.789488,5.578741,29.551357,236.66397,0.576,60.7913333333,155.732,217.099333333,786.6,404,226,1.94702970297,3.48053097345,3.62322623438,72.40028816,46.2625412541,3.9383480826
128,8,22,0.0042199999989,7.226392,2.381157,9.681234,72.458437,0.576,16.584,164.607,181.767,786.6,404,226,1.94702970297,3.48053097345,4.32751819637,76.8920671243,55.0081683168,19.5721238938
128,8,34,0.00407199999972,3.505431,1.451437,4.987938,31.868297,0.576,6.41766666667,168.784,175.777666667,786.6,404,226,1.94702970297,3.48053097345,4.47497122312,77.6534875837,56.4906765677,22.2222713864
128,8,46,0.00408299999981,1.801267,0.986327000001,2.805584,14.984382,0.576,2.7835,170.096,173.4555,786.6,404,226,1.94702970297,3.48053097345,4.53488070427,77.9487032799,57.065470297,23.2497787611
128,8,58,0.00411100000019,0.93413,0.689132000001,1.635874,7.228032,0.576,1.22333333333,165.906,167.705333333,786.6,404,226,1.94702970297,3.48053097345,4.69036961655,78.6797186202,58.4887788779,25.794100295
128,8,70,0.00802100000146,0.605619,0.523869999999,1.146265,4.254917,0.576,0.620166666667,165.566,166.762166667,786.6,404,226,1.94702970297,3.48053097345,4.71689721789,78.7996228494,58.7222359736,26.2114306785
128,8,82,0.0039680000009,0.467757999999,0.441508999998,0.919319999999,2.998742,0.576,0.3355,172.994,173.9055,786.6,404,226,1.94702970297,3.48053097345,4.52314619147,77.891495042,56.9540841584,23.0506637168
128,8,94,0.00418300000092,0.389161999999,0.357508999999,0.756807,1.996244,0.576,0.113,211.763,212.452,786.6,404,226,1.94702970297,3.48053097345,3.70248338448,72.9911009408,47.4128712871,5.99469026549
128,12,10,0.00402300000133,30.356299,5.66093,36.161183,242.426589,0.864,35.9898333333,235.858,272.711833333,786.6,404,226,1.94702970297,3.48053097345,2.88436328701,65.3303034155,32.4970709571,-20.6689528024
128,12,22,0.00531500000034,10.33639,2.580871,12.957243,64.786135,0.864,8.7115,247.139,256.7145,786.6,404,226,1.94702970297,3.48053097345,3.06410428706,67.3640350877,36.4568069307,-13.5904867257
128,12,34,0.00398200000018,4.561875,1.580324,6.162548,26.004224,0.864,3.14766666667,244.405,248.416666667,786.6,404,226,1.94702970297,3.48053097345,3.16645421,68.4189338079,38.5107260726,-9.91887905605
128,12,46,0.0039680000009,2.08663,1.057028,3.158588,11.405072,0.864,1.31416666667,238.053,240.231166667,786.6,404,226,1.94702970297,3.48053097345,3.27434616796,69.4595516569,40.536839934,-6.29697640118
128,12,58,0.00386699999945,1.108506,0.785491000001,1.905548,6.518838,0.864,0.656333333333,234.242,235.762333333,786.6,404,226,1.94702970297,3.48053097345,3.3364108205,70.0276718366,41.6429867987,-4.31961651917
128,12,70,0.00477099999989,0.879704999999,0.646712,1.537488,4.576924,0.864,0.4,236.351,237.615,786.6,404,226,1.94702970297,3.48053097345,3.31039707089,69.792143402,41.1844059406,-5.13938053097
128,12,82,0.00421499999902,0.789772,0.583079999999,1.38301,3.675958,0.864,0.257,246.16,247.281,786.6,404,226,1.94702970297,3.48053097345,3.18099651813,68.56331045,38.7918316832,-9.41637168142
128,12,94,0.0037029999985,0.686539,0.502016999999,1.197877,2.662495,0.864,0.106166666667,282.538,283.508166667,786.6,404,226,1.94702970297,3.48053097345,2.77452325007,63.9577718451,29.8247112211,-25.4460914454
128,16,10,0.00422599999911,44.591527,6.003138,50.688579,217.658696,1.248,25.3595,290.571,317.1785,786.6,404,226,1.94702970297,3.48053097345,2.4799915505,59.677281973,21.490470297,-40.3444690265
128,16,22,0.00411499999973,16.090536,2.806534,18.942208,56.730194,1.248,5.93183333333,298.268,305.447833333,786.6,404,226,1.94702970297,3.48053097345,2.57523516018,61.1685947962,24.3941006601,-35.1539085546
128,16,34,0.00406599999951,5.778514,1.701219,7.498233,20.971391,1.248,2.14266666667,289.972,293.362666667,786.6,404,226,1.94702970297,3.48053097345,2.68132277681,62.7049749979,27.3854785479,-29.8064896755
128,16,46,0.0041229999988,2.412417,1.146759,3.570664,10.355437,1.248,0.9565,282.321,284.5255,786.6,404,226,1.94702970297,3.48053097345,2.76460282119,63.8284388508,29.5728960396,-25.8962389381
128,16,58,0.00397899999916,1.740186,0.938256000001,2.689595,7.007246,1.248,0.566333333333,282.959,284.773333333,786.6,404,226,1.94702970297,3.48053097345,2.76219683491,63.7969319434,29.5115511551,-26.005899705
128,16,70,0.00399599999946,1.508793,0.809231000001,2.327627,5.231568,1.248,0.363333333333,288.407,290.018333333,786.6,404,226,1.94702970297,3.48053097345,2.71224232951,63.1301381473,28.2132838284,-28.3266961652
128,16,82,0.00408699999934,1.381418,0.723399,2.1181,4.208486,1.248,0.235833333333,298.653,300.136833333,786.6,404,226,1.94702970297,3.48053097345,2.62080462189,61.8437791338,25.7087046205,-32.8039085546
128,16,94,0.00415299999986,1.258545,0.628423,1.896993,2.861517,1.248,0.09,340.291,341.629,786.6,404,226,1.94702970297,3.48053097345,2.30249773878,56.5689041444,15.4383663366,-51.1632743363
128,20,10,0.0039199999992,55.449863,6.048314,61.577353,202.299592,1.56,19.6621666667,332.644,353.866166667,786.6,404,226,1.94702970297,3.48053097345,2.22287427874,55.0132002712,12.4093646865,-56.5779498525
128,20,22,0.00410300000112,19.420203,2.89641,22.343247,52.794219,1.56,4.76233333333,334.922,341.244333333,786.6,404,226,1.94702970297,3.48053097345,2.30509322255,56.6178065938,15.5335808581,-50.9930678466
128,20,34,0.00400699999955,7.175472,1.914469,9.105212,21.548347,1.56,1.8815,326.809,330.2505,786.6,404,226,1.94702970297,3.48053097345,2.3818283394,58.0154462243,18.2548267327,-46.128539823
128,20,46,0.00379599999906,3.31089,1.334076,4.659872,12.043616,1.56,0.914666666667,322.256,324.730666667,786.6,404,226,1.94702970297,3.48053097345,2.42231510832,58.717179422,19.6211221122,-43.6861356932
128,20,58,0.0040710000012,2.26174,0.998129,3.270446,7.045918,1.56,0.468833333333,323.432,325.460833333,786.6,404,226,1.94702970297,3.48053097345,2.41688067945,58.6243537588,19.4403877888,-44.0092182891
128,20,70,0.00659900000028,2.080298,0.901013999999,2.994293,5.631243,1.56,0.307333333333,331.974,333.841333333,786.6,404,226,1.94702970297,3.48053097345,2.35620913727,57.5589456734,17.3660066007,-47.7174041298
128,20,82,0.00477300000057,1.981345,0.829636,2.821736,4.590963,1.56,0.204333333333,346.468,348.232333333,786.6,404,226,1.94702970297,3.48053097345,2.25883677277,55.7294262226,13.8038778878,-54.0851032448
128,20,94,0.00409500000023,1.88623,0.755858999999,2.65431,3.445506,1.56,0.0971666666667,379.197,380.854166667,786.6,404,226,1.94702970297,3.48053097345,2.06535747497,51.582231545,5.72916666667,-68.5195427729
128,24,10,0.00370900000053,67.05905,6.32787,73.456526,193.646121,1.872,16.5665,367.17,385.6085,786.6,404,226,1.94702970297,3.48053097345,2.03989279282,50.9778159166,4.55235148515,-70.6232300885
128,24,22,0.011097999999,21.811636,3.136394,24.984804,53.080357,1.872,4.26433333333,365.784,371.920333333,786.6,404,226,1.94702970297,3.48053097345,2.11496906596,52.717984575,7.94051155116,-64.566519174
128,24,34,0.0112360000003,7.215084,2.007599,9.253044,21.457894,1.872,1.674,357.698,361.244,786.6,404,226,1.94702970297,3.48053097345,2.17747561205,54.0752606153,10.5831683168,-59.8424778761
128,24,46,0.012553999999,4.058645,1.470726,5.558919,12.426613,1.872,0.873333333333,352.869,355.614333333,786.6,404,226,1.94702970297,3.48053097345,2.21194683754,54.7909568608,11.976650165,-57.3514749263
128,24,58,0.011176,3.079563,1.117174,4.224769,7.421873,1.872,0.438666666667,354.244,356.554666667,786.6,404,226,1.94702970297,3.48053097345,2.20611332157,54.6714128316,11.7438943894,-57.7675516224
128,24,70,0.0104460000002,2.9261,1.020615,3.970532,6.195971,1.872,0.312,361.704,363.888,786.6,404,226,1.94702970297,3.48053097345,2.16165413534,53.7391304348,9.92871287129,-61.0123893805
128,24,82,0.0118890000012,2.83058,0.970975,3.827711,5.352423,1.872,0.2295,373.369,375.4705,786.6,404,226,1.94702970297,3.48053097345,2.09497150908,52.2666539537,7.06175742574,-66.1373893805
128,24,94,0.01181,2.672701,0.880783000001,3.577833,3.783364,1.872,0.0995,410.801,412.7725,786.6,404,226,1.94702970297,3.48053097345,1.90565020683,47.5244724129,-2.17141089109,-82.642699115
128,28,10,0.0100469999998,77.591716,6.536704,84.205752,185.673009,2.184,15.009,391.699,408.892,786.6,404,226,1.94702970297,3.48053097345,1.92373536288,48.0177981185,-1.21089108911,-80.9256637168
128,28,22,0.0111749999996,24.490422,3.350598,27.879802,54.668953,2.184,4.159,386.791,393.134,786.6,404,226,1.94702970297,3.48053097345,2.00084449577,50.0211034833,2.6896039604,-73.9530973451
128,28,34,0.00612399999955,7.804432,2.064695,9.889431,21.378425,2.184,1.57266666667,377.906,381.662666667,786.6,404,226,1.94702970297,3.48053097345,2.0609822985,51.4794474108,5.52904290429,-68.8772861357
128,28,46,0.00472599999921,4.575039,1.433571,6.022497,11.357683,2.184,0.719333333333,374.478,377.381333333,786.6,404,226,1.94702970297,3.48053097345,2.08436382651,52.0237308246,6.58877887789,-66.9828908555
128,28,58,0.00476600000002,4.065404,1.176258,5.256513,7.620042,2.184,0.404666666667,379.817,382.405666667,786.6,404,226,1.94702970297,3.48053097345,2.05697788649,51.3849902534,5.3451320132,-69.2060471976
128,28,70,0.00424300000122,3.984796,1.118344,5.114393,6.771447,2.184,0.3215,386.19,388.6955,786.6,404,226,1.94702970297,3.48053097345,2.02369206744,50.585367404,3.78824257426,-71.989159292
128,28,82,0.00416200000109,3.910312,1.066522,4.991938,5.900878,2.184,0.242833333333,397.63,400.056833333,786.6,404,226,1.94702970297,3.48053097345,1.96622063282,49.1410077125,0.976031353135,-77.0162979351
128,28,94,0.00537299999996,3.766487,0.970320999999,4.748167,4.286231,2.184,0.120166666667,428.43,430.734166667,786.6,404,226,1.94702970297,3.48053097345,1.82618436352,45.2410161878,-6.6173679868,-90.590339233
128,32,10,0.00432000000001,83.607749,6.654871,90.336973,181.144998,2.688,13.6706666667,411.152,427.510666667,786.6,404,226,1.94702970297,3.48053097345,1.83995409081,45.6508178659,-5.81947194719,-89.1640117994
128,32,22,0.00545800000145,22.897416,3.297854,26.220014,51.079494,2.688,3.64616666667,404.65,410.984166667,786.6,404,226,1.94702970297,3.48053097345,1.91394234571,47.7518221883,-1.72875412541,-81.8514011799
128,32,34,0.00415299999986,7.645768,2.054063,9.714681,20.178816,2.688,1.406,395.558,399.652,786.6,404,226,1.94702970297,3.48053097345,1.96821234474,49.1924739385,1.07623762376,-76.8371681416
128,32,46,0.0043880000012,5.431039,1.460378,6.90449,11.449093,2.688,0.634666666667,395.789,399.111666667,786.6,404,226,1.94702970297,3.48053097345,1.97087698931,49.2611662005,1.20998349835,-76.5980825959
128,32,58,0.00422599999911,5.127332,1.295267,6.434231,8.340565,2.688,0.415333333333,403.833,406.936333333,786.6,404,226,1.94702970297,3.48053097345,1.93298050719,48.2664208831,-0.726815181518,-80.0603244838
128,32,70,0.0043710000009,4.995771,1.212999,6.219911,7.443358,2.688,0.3275,408.71,411.7255,786.6,404,226,1.94702970297,3.48053097345,1.91049619224,47.6575769133,-1.91225247525,-82.1794247788
128,32,82,0.00446399999964,4.90042,1.16343,6.075694,6.279697,2.688,0.243666666667,421.758,424.689666667,786.6,404,226,1.94702970297,3.48053097345,1.85217598105,46.0094499534,-5.12120462046,-87.9157817109
128,32,94,0.00553899999977,4.785214,1.066134,5.863285,5.038883,2.688,0.146833333333,443.277,446.111833333,786.6,404,226,1.94702970297,3.48053097345,1.76323500348,43.2860623782,-10.4237211221,-97.3946165192
256,8,10,0.00447600000007,22.575528,5.54443,28.301386,189.182392,0.144,73.4216666667,119.92,193.485666667,786.6,404,226,1.94702970297,3.48053097345,4.0654174211,75.4022798542,52.1075082508,14.3868731563
256,8,22,0.00423000000046,5.87327,2.134197,8.066294,56.17384,0.144,19.9536666667,127.717,147.814666667,786.6,404,226,1.94702970297,3.48053097345,5.32152876124,81.2084074922,63.4122112211,34.595280236
256,8,34,0.00433100000009,2.533939,1.138045,3.696686,22.328229,0.144,6.34633333333,134.71,141.200333333,786.6,404,226,1.94702970297,3.48053097345,5.57080837864,82.0492838376,65.0494224422,37.5219764012
256,8,46,0.00440800000069,1.027256,0.678985999999,1.721741,8.182789,0.144,2.17933333333,134.782,137.105333333,786.6,404,226,1.94702970297,3.48053097345,5.73719476023,82.5698788033,66.0630363036,39.3339233038
256,8,58,0.00461299999915,0.631694,0.492705000001,1.137747,4.553152,0.144,0.972666666667,136.837,137.953666667,786.6,404,226,1.94702970297,3.48053097345,5.70191441088,82.4620306806,65.8530528053,38.9585545723
256,8,70,0.0044539999999,0.494868,0.407591000001,0.914065000001,3.240938,0.144,0.521333333333,146.566,147.231333333,786.6,404,226,1.94702970297,3.48053097345,5.34261275906,81.2825663192,63.5566006601,34.8533923304
256,8,82,0.00446600000032,0.420610000001,0.364667,0.795529000001,2.467533,0.144,0.249333333333,169.447,169.840333333,786.6,404,226,1.94702970297,3.48053097345,4.63140871524,78.4082973133,57.9603135314,24.8494100295
256,8,94,0.0044999999991,0.365035000001,0.300755999999,0.676071,1.536804,0.144,0.0463333333333,240.413,240.603333333,786.6,404,226,1.94702970297,3.48053097345,3.26928138984,69.4122383253,40.4447194719,-6.4616519174
256,12,10,0.004277,22.763034,5.299259,28.226219,205.317631,0.216,45.4213333333,186.368,232.005333333,786.6,404,226,1.94702970297,3.48053097345,3.39043930025,70.5052970591,42.5729372937,-2.65722713864
256,12,22,0.00450300000011,7.245447,2.276168,9.563625,56.161827,0.216,11.0285,197.634,208.8785,786.6,404,226,1.94702970297,3.48053097345,3.7658255876,73.4453979151,48.2974009901,7.57588495575
256,12,34,0.0044799999996,3.288781,1.369734,4.679015,22.366726,0.216,3.69883333333,203.806,207.720833333,786.6,404,226,1.94702970297,3.48053097345,3.7868132309,73.5925714044,48.5839521452,8.08812684366
256,12,46,0.00646500000039,1.548394,0.885537,2.45097,9.813798,0.216,1.4425,203.698,205.3565,786.6,404,226,1.94702970297,3.48053097345,3.83041199085,73.8931477244,49.1691831683,9.1342920354
256,12,58,0.00437500000044,1.13583,0.737468000001,1.88492,6.697859,0.216,0.777666666667,210.803,211.796666667,786.6,404,226,1.94702970297,3.48053097345,3.71393947025,73.0744130859,47.5750825083,6.28466076696
256,12,70,0.00436499999887,0.898064999999,0.627282000001,1.538772,4.514463,0.216,0.412666666667,223.862,224.490666667,786.6,404,226,1.94702970297,3.48053097345,3.50393186354,71.460632257,44.4330033003,0.66784660767
256,12,82,0.00465900000017,0.743965000001,0.506497,1.25981,3.136376,0.216,0.193666666667,245.264,245.673666667,786.6,404,226,1.94702970297,3.48053097345,3.20180836096,68.7676498008,39.1896864686,-8.70516224189
256,12,94,0.00441000000137,0.684135,0.431574999999,1.126215,1.952973,0.216,0.0465,309.87,310.1325,786.6,404,226,1.94702970297,3.48053097345,2.53633527605,60.5730358505,23.234529703,-37.2267699115
256,16,10,0.0042629999989,29.323153,5.686432,35.117074,194.522591,0.312,31.8973333333,239.487,271.696333333,786.6,404,226,1.94702970297,3.48053097345,2.89514396587,65.4594033393,32.7484323432,-20.2196165192
256,16,22,0.00419800000054,9.566583,2.462156,12.060325,47.993113,0.312,7.0135,251.28,258.6055,786.6,404,226,1.94702970297,3.48053097345,3.0416986491,67.1236333588,35.9887376238,-14.4272123894
256,16,34,0.00547899999947,4.257483,1.470092,5.746212,18.776086,0.312,2.28733333333,257.004,259.603333333,786.6,404,226,1.94702970297,3.48053097345,3.03000731886,66.9967793881,35.7417491749,-14.8687315634
256,16,46,0.00432700000056,2.088176,1.012995,3.113308,9.543388,0.312,1.00516666667,254.532,255.849166667,786.6,404,226,1.94702970297,3.48053097345,3.07446770395,67.4740444105,36.6709983498,-13.2075958702
256,16,58,0.00466899999992,1.636045,0.853593,2.50227,6.534598,0.312,0.571333333333,263.074,263.957333333,786.6,404,226,1.94702970297,3.48053097345,2.98002707508,66.4432579032,34.6640264026,-16.795280236
256,16,70,0.00548600000002,1.428641,0.751654,2.191575,5.003293,0.312,0.345,278.257,278.914,786.6,404,226,1.94702970297,3.48053097345,2.82022415512,64.5418255784,30.9618811881,-23.4132743363
256,16,82,0.00424700000076,1.260551,0.649277999999,1.918455,3.704843,0.312,0.177833333333,302.551,303.040833333,786.6,404,226,1.94702970297,3.48053097345,2.59568979978,61.4745953047,24.9898927393,-34.0888643068
256,16,94,0.00442099999964,1.174636,0.553235000001,1.738716,2.452529,0.312,0.0595,353.141,353.5125,786.6,404,226,1.94702970297,3.48053097345,2.22509812241,55.0581617086,12.4969059406,-56.421460177
256,20,10,0.00441599999976,32.700545,5.676916,38.478772,177.897794,0.39,25.7408333333,279.806,305.936833333,786.6,404,226,1.94702970297,3.48053097345,2.57111898371,61.1064285109,24.2730610561,-35.370280236
256,20,22,0.00424399999974,10.756944,2.452989,13.238012,45.444086,0.39,5.45583333333,288.522,294.367833333,786.6,404,226,1.94702970297,3.48053097345,2.67216696571,62.5771887448,27.1366749175,-30.2512536873
256,20,34,0.00431399999979,5.28147,1.625108,6.923586,19.428826,0.39,2.06466666667,292.912,295.366666667,786.6,404,226,1.94702970297,3.48053097345,2.66313057217,62.4502076447,26.8894389439,-30.6932153392
256,20,46,0.00435900000048,2.793482,1.155101,3.961789,10.327312,0.39,0.902833333333,297.387,298.679833333,786.6,404,226,1.94702970297,3.48053097345,2.63358925583,62.0290066955,26.0693481848,-32.1592182891
256,20,58,0.00438899999972,2.33264,0.982141,3.3268,7.359175,0.39,0.5305,306.604,307.5245,786.6,404,226,1.94702970297,3.48053097345,2.55784498471,60.904589372,23.8800742574,-36.0727876106
256,20,70,0.00562499999978,2.152116,0.878328999999,3.041129,5.912786,0.39,0.3285,323.724,324.4425,786.6,404,226,1.94702970297,3.48053097345,2.42446658499,58.7538138825,19.692450495,-43.5586283186
256,20,82,0.0044229999985,1.965976,0.75625,2.734739,3.911223,0.39,0.146333333333,357.676,358.212333333,786.6,404,226,1.94702970297,3.48053097345,2.1959042914,54.4606746334,11.3335808581,-58.5010324484
256,20,94,0.00434599999971,1.887865,0.691156000001,2.587268,3.106641,0.39,0.079,384.856,385.325,786.6,404,226,1.94702970297,3.48053097345,2.04139362875,51.0138571065,4.62252475248,-70.4977876106
256,24,10,0.00442000000112,37.423488,6.019022,43.522057,173.87465,0.468,20.809,317.353,338.63,786.6,404,226,1.94702970297,3.48053097345,2.32288928919,56.9501652682,16.1806930693,-49.8362831858
256,24,22,0.00547199999892,12.607785,2.74909,15.38374,46.957727,0.468,4.57666666667,327.971,333.015666667,786.6,404,226,1.94702970297,3.48053097345,2.36205103464,57.6639121959,17.570379538,-47.3520648968
256,24,34,0.00539700000081,6.434233,1.895033,8.348858,21.203455,0.468,1.88,332.015,334.363,786.6,404,226,1.94702970297,3.48053097345,2.35253302548,57.4926264938,17.2368811881,-47.9482300885
256,24,46,0.0043540000006,3.757795,1.33605,5.107649,11.257375,0.468,0.843666666667,334.332,335.643666667,786.6,404,226,1.94702970297,3.48053097345,2.34355680777,57.3298160861,16.9198844884,-48.5148967552
256,24,58,0.00429799999984,3.274651,1.151723,4.43933,8.0203,0.468,0.504666666667,345.488,346.460666667,786.6,404,226,1.94702970297,3.48053097345,2.27038759571,55.9546571743,14.2424092409,-53.301179941
256,24,70,0.00486500000079,2.941992,0.980841999999,3.933822,5.774884,0.468,0.279833333333,363.886,364.633833333,786.6,404,226,1.94702970297,3.48053097345,2.15723262104,53.6443130774,9.74410066007,-61.3424041298
256,24,82,0.00425700000051,2.82418,0.904664,3.737365,4.602283,0.468,0.169666666667,387.694,388.331666667,786.6,404,226,1.94702970297,3.48053097345,2.02558809265,50.6316213238,3.87830033003,-71.8281710914
256,24,94,0.00419099999999,2.730691,0.834075999999,3.573779,3.778347,0.468,0.0993333333333,411.198,411.765333333,786.6,404,226,1.94702970297,3.48053097345,1.91031137476,47.6525129248,-1.92211221122,-82.1970501475
256,28,10,0.00441500000125,39.783434,5.876917,45.734274,168.721012,0.546,18.1646666667,341.528,360.238666667,786.6,404,226,1.94702970297,3.48053097345,2.18355238564,54.2030680566,10.8320132013,-59.397640118
256,28,22,0.00446899999952,15.395851,2.966845,18.388361,49.927149,0.546,4.5955,350.831,355.9725,786.6,404,226,1.94702970297,3.48053097345,2.20972125656,54.745423341,11.8879950495,-57.5099557522
256,28,34,0.00444499999867,6.263742,1.844283,8.123576,19.602155,0.546,1.61466666667,353.402,355.562666667,786.6,404,226,1.94702970297,3.48053097345,2.21226825463,54.797525214,11.9894389439,-57.3286135693
256,28,46,0.00413800000024,4.495373,1.391624,5.899682,11.620302,0.546,0.768166666667,358.836,360.150166667,786.6,404,226,1.94702970297,3.48053097345,2.18408895178,54.2143190101,10.8539191419,-59.358480826
256,28,58,0.00761099999909,4.260087,1.241172,5.516521,8.963913,0.546,0.5135,372.784,373.8435,786.6,404,226,1.94702970297,3.48053097345,2.10408901051,52.4734935164,7.46448019802,-65.4174778761
256,28,70,0.0044539999999,3.91185,1.077691,4.999966,6.492591,0.546,0.294333333333,388.344,389.184333333,786.6,404,226,1.94702970297,3.48053097345,2.02115021759,50.523222307,3.66724422442,-72.2054572271
256,28,82,0.00443300000006,3.787197,0.98495,4.781954,5.091319,0.546,0.181833333333,410.622,411.349833333,786.6,404,226,1.94702970297,3.48053097345,1.91224095954,47.7053351979,-1.81926567657,-82.01320059
256,28,94,0.0043110000006,3.702696,0.920136000001,4.631411,4.299216,0.546,0.12,429.098,429.764,786.6,404,226,1.94702970297,3.48053097345,1.83030686609,45.3643529113,-6.37722772277,-90.1610619469
256,32,10,0.00518999999986,46.10863,6.018916,52.193203,159.672533,0.672,16.049,364.339,381.06,786.6,404,226,1.94702970297,3.48053097345,2.06424185168,51.5560640732,5.67821782178,-68.610619469
256,32,22,0.00554200000079,17.579144,3.046454,20.651148,51.0972,0.672,4.1555,373.977,378.8045,786.6,404,226,1.94702970297,3.48053097345,2.07653288174,51.842804475,6.23650990099,-67.6126106195
256,32,34,0.00440800000069,7.277093,1.919762,9.211936,20.619043,0.672,1.48633333333,375.89,378.048333333,786.6,404,226,1.94702970297,3.48053097345,2.08068633199,51.938935503,6.42367986799,-67.2780235988
256,32,46,0.00544500000069,5.412021,1.465527,6.892168,12.01536,0.672,0.755666666667,380.2,381.627666667,786.6,404,226,1.94702970297,3.48053097345,2.0611713162,51.4838969404,5.53770627063,-68.86179941
256,32,58,0.00670300000093,4.826221,1.22676,6.066946,8.100005,0.672,0.410666666667,391.9,392.982666667,786.6,404,226,1.94702970297,3.48053097345,2.00161499913,50.0403424019,2.72706270627,-73.8861356932
256,32,70,0.00425100000029,4.744143,1.151017,5.904977,6.889474,0.672,0.293833333333,407.528,408.493833333,786.6,404,226,1.94702970297,3.48053097345,1.92561046413,48.068416815,-1.1123349835,-80.7494837758
256,32,82,0.0043229999992,4.586223,1.047344,5.643385,5.473076,0.672,0.156833333333,439.407,440.235833333,786.6,404,226,1.94702970297,3.48053097345,1.7867695913,44.0330748369,-8.96926567657,-94.7946165192
256,32,94,0.00437699999929,4.546786,1.020123,5.576235,4.750679,0.672,0.135333333333,444.596,445.403333333,786.6,404,226,1.94702970297,3.48053097345,1.7660397692,43.3761335706,-10.248349835,-97.081120944
